{"channel": "\u68a6\u5de5\u5382", "watch_num": 408000.0, "anchor_roomname": "\u7b2c\u4e00\u6b21\u53c2\u8d5b\u6c42\u5e94\u63f4\u724c~", "anchor_url": "https://egame.qq.com/627337293", "anchor_name": "Xs\u4e36\u86cb\u86cb", "fan_num": 9609, "crawl_time": "2019-07-04 16:06:42"}
{"channel": "\u68a6\u5de5\u5382", "watch_num": 113000.0, "anchor_roomname": "\u65b0\u4e3b\u64ad \u6c42\u5173\u6ce8", "anchor_url": "https://egame.qq.com/703954697", "anchor_name": "\u66ae\u96ea9420", "fan_num": 36, "crawl_time": "2019-07-04 16:06:42"}
{"channel": "\u68a6\u5de5\u5382", "watch_num": 5130.0, "anchor_roomname": "\u542c\u8bf4\u7537\u5b69\u5b50\u90fd\u559c\u6b22\u9ec4\u5934\u53d1\u7684\u59b9\u59b9", "anchor_url": "https://egame.qq.com/458926085", "anchor_name": "Corrine\u8bb8\u97f5\u6c50", "fan_num": 11834, "crawl_time": "2019-07-04 16:06:42"}
{"channel": "\u68a6\u5de5\u5382", "watch_num": 36000.0, "anchor_roomname": "\u8c01\u7684\u5973\u670b\u53cb", "anchor_url": "https://egame.qq.com/698929729", "anchor_name": "\u6027\u611f\u5c0f\u5996\u7cbe6196", "fan_num": 431, "crawl_time": "2019-07-04 16:06:42"}
{"channel": "\u68a6\u5de5\u5382", "watch_num": 7360.0, "anchor_roomname": "\u5341\u6708.3124", "anchor_url": "https://egame.qq.com/705599147", "anchor_name": "\u5341\u6708.3124", "fan_num": 55, "crawl_time": "2019-07-04 16:06:42"}
{"channel": "\u68a6\u5de5\u5382", "watch_num": 49000.0, "anchor_roomname": "\u5c0f\u54e5\u54e5\uff0c\u8c08\u604b\u7231\u5417", "anchor_url": "https://egame.qq.com/622095665", "anchor_name": "Ace\u7a88\u7a95\u5b87\u5b99\u5c11\u5973", "fan_num": 1637, "crawl_time": "2019-07-04 16:06:42"}
{"channel": "\u68a6\u5de5\u5382", "watch_num": 159000.0, "anchor_roomname": "\u6e56\u5317\u6b66\u6c49\u5c0f\u59d0\u59d0\u8bf6", "anchor_url": "https://egame.qq.com/27909525", "anchor_name": "\u5317\u9611\u6cab.", "fan_num": 1424, "crawl_time": "2019-07-04 16:06:42"}
{"channel": "\u68a6\u5de5\u5382", "watch_num": 124000.0, "anchor_roomname": "\u6653\u770b\u5929\u8272\u66ae\u770b\u4e91", "anchor_url": "https://egame.qq.com/590680985", "anchor_name": "MF-\u840c\u840c\u7684\u71d5\u5416", "fan_num": 792, "crawl_time": "2019-07-04 16:06:43"}
{"channel": "\u548c\u5e73\u7cbe\u82f1", "watch_num": 472000.0, "anchor_roomname": "\u8def\u4eba\u56db\u63921v99\uff0c\u7ec8\u6781\u94c1\u61a8\u61a8", "anchor_url": "https://egame.qq.com/377393784", "anchor_name": "Mar\u96e8\u8f69", "fan_num": 902710, "crawl_time": "2019-07-04 16:06:43"}
{"channel": "\u68a6\u5de5\u5382", "watch_num": 122000.0, "anchor_roomname": "7\u6708\u6211\u4eec\u4e00\u8d77\u52a0\u6cb9\u5440\uff01~", "anchor_url": "https://egame.qq.com/466605107", "anchor_name": "\u60c5\u4e45-\u5c0f\u5ae3Yan", "fan_num": 1961, "crawl_time": "2019-07-04 16:06:43"}
{"channel": "\u548c\u5e73\u7cbe\u82f1", "watch_num": 22000.0, "anchor_roomname": "\u840c\u65b0\u6700\u521d\u53ea\u60f3\u8981\u83bd\u4f60", "anchor_url": "https://egame.qq.com/1117474", "anchor_name": "KT-\u6700\u521d", "fan_num": 66897, "crawl_time": "2019-07-04 16:06:43"}
{"channel": "\u68a6\u5de5\u5382", "watch_num": 131000.0, "anchor_roomname": "\u6d59\u6c5f\u5531\u6b4c\u65b0\u4e3b\u64ad~~", "anchor_url": "https://egame.qq.com/622475496", "anchor_name": "\u51ef\u6218-\u5a1c\u54e5", "fan_num": 328, "crawl_time": "2019-07-04 16:06:43"}
{"channel": "\u548c\u5e73\u7cbe\u82f1", "watch_num": 25000.0, "anchor_roomname": "\u8fd9\u4e2a\u59b9\u5b50\u50cf\u4e0d\u50cf\u4eba\u673a \u4f60\u8bf4", "anchor_url": "https://egame.qq.com/215654082", "anchor_name": "\u5c0f\u53ef\u53efzy", "fan_num": 195941, "crawl_time": "2019-07-04 16:06:43"}
{"channel": "\u68a6\u5de5\u5382", "watch_num": 3500.0, "anchor_roomname": "\u82b1\u82b1\u6765\u5566baby\u4eec~", "anchor_url": "https://egame.qq.com/522318880", "anchor_name": "\u4f60\u7684\u82b1\u82b1.", "fan_num": 138, "crawl_time": "2019-07-04 16:06:43"}
{"channel": "\u548c\u5e73\u7cbe\u82f1", "watch_num": 27000.0, "anchor_roomname": "\u51b2\u4e2a\u6218\u795e\u5427", "anchor_url": "https://egame.qq.com/227382975", "anchor_name": "T\u79c0-DS\u4e92\u5a31", "fan_num": 13749, "crawl_time": "2019-07-04 16:06:43"}
{"channel": "\u68a6\u5de5\u5382", "watch_num": 990000.0, "anchor_roomname": "211-\u80fd\u529b  \u51b3\u5b9a\u4f4d\u7f6e\u3002", "anchor_url": "https://egame.qq.com/330202710", "anchor_name": "211-\u8096\u8096", "fan_num": 5012, "crawl_time": "2019-07-04 16:06:43"}
{"channel": "\u8dd1\u8dd1\u5361\u4e01\u8f66\u624b\u6e38", "watch_num": 3633.0, "anchor_roomname": "\u4e00\u8d77\u6765\u8dd1\u8dd1\uff0c\u6fc0\u60c5\u71c3\u8d77\u6765", "anchor_url": "https://egame.qq.com/197513169", "anchor_name": "DS\u6349\u5996\u5e08\u65e0\u75d5", "fan_num": 1110, "crawl_time": "2019-07-04 16:06:43"}
{"channel": "\u8dd1\u8dd1\u5361\u4e01\u8f66\u624b\u6e38", "watch_num": 3877.0, "anchor_roomname": "\u5367\u69fd\u5feb\u770b\u8fd9\u4e3b\u64ad\u5728\u5e72\u561b\u597d\u65e0\u803b", "anchor_url": "https://egame.qq.com/464376863", "anchor_name": "DS\u4e92\u5a31-\u83ab\u4e03\u4e03", "fan_num": 1382, "crawl_time": "2019-07-04 16:06:44"}
{"channel": "\u8dd1\u8dd1\u5361\u4e01\u8f66\u624b\u6e38", "watch_num": 4137.0, "anchor_roomname": "\u5c0f\u59d0\u59d0\u751f\u75c5\u4e86\uff0c\u591a\u966a\u4e0b\u5979\u53ef\u597d\uff1f\u5355\u8eab\u53ef\u64a9\uff01", "anchor_url": "https://egame.qq.com/325347353", "anchor_name": "\u8bf7\u5ba0\u574f\u82cf\u516e\u4e2b\u5934", "fan_num": 1237, "crawl_time": "2019-07-04 16:06:44"}
{"channel": "\u8dd1\u8dd1\u5361\u4e01\u8f66\u624b\u6e38", "watch_num": 4681.0, "anchor_roomname": "\u5168\u670d\u699c2\u5e26\u98de", "anchor_url": "https://egame.qq.com/32286867", "anchor_name": "\u50b2\u541b\u5416", "fan_num": 21661, "crawl_time": "2019-07-04 16:06:44"}
{"channel": "\u8dd1\u8dd1\u5361\u4e01\u8f66\u624b\u6e38", "watch_num": 4041.0, "anchor_roomname": "\u65e0\u4ed6\uff0c\u552f\u624b\u719f\u5c14\u3002", "anchor_url": "https://egame.qq.com/421023448", "anchor_name": "\u5e55\u51ac", "fan_num": 96, "crawl_time": "2019-07-04 16:06:44"}
{"channel": "\u8dd1\u8dd1\u5361\u4e01\u8f66\u624b\u6e38", "watch_num": 3507.0, "anchor_roomname": "\u8001\u53f8\u673a\u5df2\u53d1\u8f66\uff0c\u6c61\u6c61\u6c61", "anchor_url": "https://egame.qq.com/425785625", "anchor_name": "KX.\u8427\u66ae", "fan_num": 156, "crawl_time": "2019-07-04 16:06:44"}
{"channel": "\u8dd1\u8dd1\u5361\u4e01\u8f66\u624b\u6e38", "watch_num": 3727.0, "anchor_roomname": "\u65b0\u624b\u8dd1\u8dd1\u5361\u4e01\u8f66\uff0c\u4e0a\u5206\u8def", "anchor_url": "https://egame.qq.com/13938555", "anchor_name": "\u661f\u7a7a-\u66dc\u54d2\u54d2", "fan_num": 3, "crawl_time": "2019-07-04 16:06:44"}
{"channel": "\u68a6\u5de5\u5382", "watch_num": 116000.0, "anchor_roomname": "\u5c71\u91cc\u4eba\u4e0d\u61c2\u5957\u8def", "anchor_url": "https://egame.qq.com/480249041", "anchor_name": "\u4e54\u8d77\u601d", "fan_num": 6411, "crawl_time": "2019-07-04 16:06:44"}
{"channel": "\u8dd1\u8dd1\u5361\u4e01\u8f66\u624b\u6e38", "watch_num": 6052.0, "anchor_roomname": "\u4e00\u8d77\u6765\u73a9\u73a9\u963f", "anchor_url": "https://egame.qq.com/584889878", "anchor_name": "\u4f01\u9e45\u65b0\u624b\u8f66\u961f\u961f\u957f", "fan_num": 7, "crawl_time": "2019-07-04 16:06:44"}
{"channel": "\u8dd1\u8dd1\u5361\u4e01\u8f66\u624b\u6e38", "watch_num": 7456.0, "anchor_roomname": "\u7ec3\u4e60L1\u592a\u7a7a\uff0c\u4e0b\u5348\u5e2e\u8fc7\u9a7e\u7167", "anchor_url": "https://egame.qq.com/499596226", "anchor_name": "Jy-BBT\u4e36\u6653\u98ce", "fan_num": 53, "crawl_time": "2019-07-04 16:06:45"}
{"channel": "\u8dd1\u8dd1\u5361\u4e01\u8f66\u624b\u6e38", "watch_num": 6305.0, "anchor_roomname": "L1\u597d\u96be\u54e6\uff01", "anchor_url": "https://egame.qq.com/34038568", "anchor_name": "\u6211\u662f\u7ea2\u59d0\u59d0", "fan_num": 16650, "crawl_time": "2019-07-04 16:06:45"}
{"channel": "\u8dd1\u8dd1\u5361\u4e01\u8f66\u624b\u6e38", "watch_num": 7049.0, "anchor_roomname": "\u5b88\u62a4\u5df2\u5f00\u901a\uff0c\u6447\u8d77\u6765\u3002", "anchor_url": "https://egame.qq.com/62213391", "anchor_name": "JY-\u96e8\u795e", "fan_num": 17, "crawl_time": "2019-07-04 16:06:45"}
{"channel": "\u8dd1\u8dd1\u5361\u4e01\u8f66\u624b\u6e38", "watch_num": 6610.0, "anchor_roomname": "\u75af\u72c2\u8214\u56fe\u8ba1\u65f6", "anchor_url": "https://egame.qq.com/10619094", "anchor_name": "Zy\u4e36\u9e8b", "fan_num": 16, "crawl_time": "2019-07-04 16:06:45"}
{"channel": "\u738b\u8005\u8363\u8000", "watch_num": 36000.0, "anchor_roomname": "\u56fd\u670d\u5218\u5907\u5e26\u7c89\u8fde\u80dc\u4e0a\u738b\u8005", "anchor_url": "https://egame.qq.com/113029594", "anchor_name": "\u5929\u624d\u5c11\u5e74\u949f\u767d", "fan_num": 2660, "crawl_time": "2019-07-04 16:06:46"}
{"channel": "\u8dd1\u8dd1\u5361\u4e01\u8f66\u624b\u6e38", "watch_num": 6209.0, "anchor_roomname": "\u8eba\u795e\u5c31\u662f\u6211\u6211\u5c31\u662f\u9738\u9053\u59d0", "anchor_url": "https://egame.qq.com/169089396", "anchor_name": "DS\u4e92\u5a31-\u9738\u9053\u5c0f\u59d0\u59d0", "fan_num": 547, "crawl_time": "2019-07-04 16:06:46"}
{"channel": "\u8dd1\u8dd1\u5361\u4e01\u8f66\u624b\u6e38", "watch_num": 7625.0, "anchor_roomname": "\u9996\u6b21\u76f4\u64ad\u84dd\u51498M\u6b22\u8fce\u5927\u5bb6", "anchor_url": "https://egame.qq.com/9792006", "anchor_name": "TH-\u9f50\u5929\u5927\u5723", "fan_num": 707, "crawl_time": "2019-07-04 16:06:46"}
{"channel": "\u738b\u8005\u8363\u8000", "watch_num": 38000.0, "anchor_roomname": "\u8d5b\u5b63\u521d\u51b2\u9e2d", "anchor_url": "https://egame.qq.com/975608", "anchor_name": "KZ-\u82cf\u67d2", "fan_num": 1350, "crawl_time": "2019-07-04 16:06:46"}
{"channel": "\u738b\u8005\u8363\u8000", "watch_num": 37000.0, "anchor_roomname": "\u58f0\u4f18.\u5168\u80fd\u91ce\u738b\u5e26\u623f\u7ba1\u4e0a\u738b\u8005", "anchor_url": "https://egame.qq.com/108053866", "anchor_name": "\u5468\u5927\u54e5.TMG", "fan_num": 244673, "crawl_time": "2019-07-04 16:06:46"}
{"channel": "\u738b\u8005\u8363\u8000", "watch_num": 44000.0, "anchor_roomname": "10\u56fd\u670d\u5e26\u7c89\u8f93\u4e00\u628a\u559d***", "anchor_url": "https://egame.qq.com/35290599", "anchor_name": "\u65b0\u4e3b\u64ad-\u6c11\u95f4\u6668\u66e6", "fan_num": 2619, "crawl_time": "2019-07-04 16:06:46"}
{"channel": "\u738b\u8005\u8363\u8000", "watch_num": 43000.0, "anchor_roomname": "\u6211\u5f00\u623f\uff0c\u4f60\u6562\u6765\u5417", "anchor_url": "https://egame.qq.com/218769032", "anchor_name": "Mye-\u7814\u513f", "fan_num": 50370, "crawl_time": "2019-07-04 16:06:46"}
{"channel": "\u738b\u8005\u8363\u8000", "watch_num": 45000.0, "anchor_roomname": "\u9759\u9759\u5f97\u73a9\u4f1a", "anchor_url": "https://egame.qq.com/322961204", "anchor_name": "\u56fd\u670d\u7b2c\u4e00\u5173\u7fbd\u9a9a\u5173", "fan_num": 663928, "crawl_time": "2019-07-04 16:06:47"}
{"channel": "\u738b\u8005\u8363\u8000", "watch_num": 47000.0, "anchor_roomname": "qq\u533a\u5e26\u7c89\u8fdb\u7fa4\u5373\u523b\u4e0a\u8f66", "anchor_url": "https://egame.qq.com/147137107", "anchor_name": "AG\u8d85\u73a9\u4f1a\u4f0a\u591c", "fan_num": 59968, "crawl_time": "2019-07-04 16:06:47"}
{"channel": "\u738b\u8005\u8363\u8000", "watch_num": 54000.0, "anchor_roomname": "\u5fae\u4fe1\u533a\u5728\u5e26\u7c89\u4e0a\u51e0\u4e2a\u738b\u8005\u665a\u70b9\u8bf8\u845b\u5dc5\u5cf0\u8d5b\u4e13\u573a", "anchor_url": "https://egame.qq.com/11569056", "anchor_name": "MR.\u4e0d\u6e21", "fan_num": 194, "crawl_time": "2019-07-04 16:06:47"}
{"channel": "\u738b\u8005\u8363\u8000", "watch_num": 37000.0, "anchor_roomname": "\u5623\uff01\u4e00\u67aa\u4e00\u4e2a\u5c0f\u4f19\u4f34\u3002", "anchor_url": "https://egame.qq.com/11180789", "anchor_name": "AG\u8d85\u73a9\u4f1a\u5170\u606f", "fan_num": 421599, "crawl_time": "2019-07-04 16:06:47"}
{"channel": "\u738b\u8005\u8363\u8000", "watch_num": 47000.0, "anchor_roomname": "\u738b\u8005\u5c40\u81ea\u7206\u4e00\u8def\u6f14\u7ece", "anchor_url": "https://egame.qq.com/400710606", "anchor_name": "\u901a\u5929\u8fb9\u8def\u9762\u5305\u9e2d", "fan_num": 14793, "crawl_time": "2019-07-04 16:06:47"}
{"channel": "\u8dd1\u8dd1\u5361\u4e01\u8f66\u624b\u6e38", "watch_num": 7638.0, "anchor_roomname": "\u5c0f\u4e3b\u64ad\u8fc7L1", "anchor_url": "https://egame.qq.com/149612803", "anchor_name": "\u661f\u7a7a-\u957f\u5b89", "fan_num": 80, "crawl_time": "2019-07-04 16:06:47"}
{"channel": "\u738b\u8005\u8363\u8000", "watch_num": 57000.0, "anchor_roomname": "\u70b9\u51fb\u9886\u53d6\u4e00\u679a\u65b0\u4e3b\u64ad", "anchor_url": "https://egame.qq.com/124620225", "anchor_name": "EL-\u5c0f\u56e2\u5b50\u5440", "fan_num": 1410509, "crawl_time": "2019-07-04 16:06:47"}
{"channel": "\u8dd1\u8dd1\u5361\u4e01\u8f66\u624b\u6e38", "watch_num": 8469.0, "anchor_roomname": "L1\u9a7e\u7167\u8fc7\u4e0d\u53bb\u7684\u6765\u627e\u6211\u54e6", "anchor_url": "https://egame.qq.com/273526691", "anchor_name": "Zy\u4e36\u989c\u67d3", "fan_num": 233, "crawl_time": "2019-07-04 16:06:47"}
{"channel": "\u738b\u8005\u8363\u8000", "watch_num": 57000.0, "anchor_roomname": "\u56fd\u670d\u6b66\u5219\u5929\u7b11\u7b11\u4e0a\u7ebf~", "anchor_url": "https://egame.qq.com/340393889", "anchor_name": "Dae-\u7b11\u7b11And\u65b9\u60dc", "fan_num": 1265624, "crawl_time": "2019-07-04 16:06:47"}
{"channel": "\u738b\u8005\u8363\u8000", "watch_num": 59000.0, "anchor_roomname": "\u56fd\u670d\u674e\u767d\u5e26\u7c89\u52a0\u6559\u5b66", "anchor_url": "https://egame.qq.com/155183169", "anchor_name": "KT-\u6d45\u84dd", "fan_num": 241847, "crawl_time": "2019-07-04 16:06:47"}
{"channel": "\u738b\u8005\u8363\u8000", "watch_num": 75000.0, "anchor_roomname": "\u68a6\u7136\u8981\u52aa\u529b", "anchor_url": "https://egame.qq.com/77685263", "anchor_name": "58329-\u68a6\u7136", "fan_num": 303073, "crawl_time": "2019-07-04 16:06:47"}
{"channel": "\u738b\u8005\u8363\u8000", "watch_num": 84000.0, "anchor_roomname": "\u81ea\u4fe1\u674e\u767d\u5728\u7ebf\u5e26\u7c89\u4e0a\u5206", "anchor_url": "https://egame.qq.com/832932", "anchor_name": "\u7b2c\u4e00\u5149\u901f\u674e\u767d\u53ef\u53ef", "fan_num": 354756, "crawl_time": "2019-07-04 16:06:48"}
{"channel": "\u738b\u8005\u8363\u8000", "watch_num": 65000.0, "anchor_roomname": "\u56fd\u670d\u9a6c\u514b\u5e26\u7c89\u4e1d\u4e94\u6392\u4e0a\u738b\u8005", "anchor_url": "https://egame.qq.com/366023412", "anchor_name": "EDG.M-\u963f\u695a", "fan_num": 343938, "crawl_time": "2019-07-04 16:06:48"}
{"channel": "\u8dd1\u8dd1\u5361\u4e01\u8f66\u624b\u6e38", "watch_num": 5547.0, "anchor_roomname": "\u65b0\u7684\u4e00\u5929\u53d8\u5f97\u66f4\u5f3a\uff01", "anchor_url": "https://egame.qq.com/396251569", "anchor_name": "Zy\u4e362017", "fan_num": 155, "crawl_time": "2019-07-04 16:06:48"}
{"channel": "\u8dd1\u8dd1\u5361\u4e01\u8f66\u624b\u6e38", "watch_num": 5868.0, "anchor_roomname": "\u6bcf\u59291\u70b9\u76f4\u64ad\u5c55\u73b0\u4e0d\u4e00\u6837\u7684\u8dd1\u8dd1\u5361\u4e01\u8f66", "anchor_url": "https://egame.qq.com/293369025", "anchor_name": "JY\u76ae\u86cb", "fan_num": 9, "crawl_time": "2019-07-04 16:06:48"}
{"channel": "\u738b\u8005\u8363\u8000", "watch_num": 79000.0, "anchor_roomname": "\u9038Jun:\u54e6\u8c41  \u56fd\u670d\u8c82\u8749\u5728\u7ebf\u5e26\u7c89", "anchor_url": "https://egame.qq.com/160935480", "anchor_name": "Max-\u9038Jun", "fan_num": 5570, "crawl_time": "2019-07-04 16:06:48"}
{"channel": "\u738b\u8005\u8363\u8000", "watch_num": 90000.0, "anchor_roomname": "\u56fd1\u963f\u73c2\u5e26\u5b88\u62a4\u4e0a\u5206", "anchor_url": "https://egame.qq.com/674944560", "anchor_name": "Max\u4e91\u4e91", "fan_num": 1784, "crawl_time": "2019-07-04 16:06:48"}
{"channel": "\u738b\u8005\u8363\u8000", "watch_num": 93000.0, "anchor_roomname": "\u7b2c\u4e00\u609f\u7a7a\u4e0d\u6740\u751f\u4fe1\u4f5b\uff1a\u89c6\u89c9\u76db\u5bb4\uff1a\u84dd\u51498M", "anchor_url": "https://egame.qq.com/1017332", "anchor_name": "EL-\u72d7\u6e05\u98a8", "fan_num": 52400, "crawl_time": "2019-07-04 16:06:49"}
{"channel": "\u738b\u8005\u8363\u8000", "watch_num": 78000.0, "anchor_roomname": "\u5355\u6392\u5c04\u624b\u5440", "anchor_url": "https://egame.qq.com/157978449", "anchor_name": "MR.\u7487\u7487", "fan_num": 311, "crawl_time": "2019-07-04 16:06:49"}
{"channel": "\u738b\u8005\u8363\u8000", "watch_num": 91000.0, "anchor_roomname": "\u4e16\u754c\u5f88\u574f \u8fd8\u597d\u6211\u5728", "anchor_url": "https://egame.qq.com/380826970", "anchor_name": "\u987e\u6e29\u8f6f-\u749e\u661f", "fan_num": 65418, "crawl_time": "2019-07-04 16:06:49"}
{"channel": "\u738b\u8005\u8363\u8000", "watch_num": 98000.0, "anchor_roomname": "\u65b0\u4eba\u5728\u7ebf\u5e26\u7c89\u4e1d \u9732\u7d27\u5f20", "anchor_url": "https://egame.qq.com/524887792", "anchor_name": "\u83ab\u6668HG", "fan_num": 10677, "crawl_time": "2019-07-04 16:06:49"}
{"channel": "\u738b\u8005\u8363\u8000", "watch_num": 67000.0, "anchor_roomname": "\u5361\u623f\u7ba1\u4e0a\u53f7 \u98de\u673a\u6c38\u4e45\u738b\u8005", "anchor_url": "https://egame.qq.com/2510973", "anchor_name": "\u4f59\u5475\u5475\u554a", "fan_num": 131320, "crawl_time": "2019-07-04 16:06:49"}
{"channel": "\u738b\u8005\u8363\u8000", "watch_num": 76000.0, "anchor_roomname": "\u4e0a\u5206\u4e0a\u5206mmm", "anchor_url": "https://egame.qq.com/123518834", "anchor_name": "JX-\u5c0f\u5fd7\u5f1f\u5f1f", "fan_num": 580, "crawl_time": "2019-07-04 16:06:49"}
{"channel": "\u738b\u8005\u8363\u8000", "watch_num": 83000.0, "anchor_roomname": "\u56fd\u670d\u9732\u5a1c\u514d\u8d39\u65e0\u507f\u5e26\u7c89\u8eba\u8d62", "anchor_url": "https://egame.qq.com/320680546", "anchor_name": "Dae-\u9732\u4ed9\u5c0f\u54e5\u54e5", "fan_num": 189575, "crawl_time": "2019-07-04 16:06:49"}
{"channel": "\u738b\u8005\u8363\u8000", "watch_num": 103000.0, "anchor_roomname": "\u7b49\u98ce\u4e5f\u7b49\u4f60", "anchor_url": "https://egame.qq.com/128584294", "anchor_name": "\u5c0f\u81f3\u55b5-58658", "fan_num": 267420, "crawl_time": "2019-07-04 16:06:49"}
{"channel": "\u738b\u8005\u8363\u8000", "watch_num": 100000.0, "anchor_roomname": "\u56fd\u670d\u699c\u9996\u53f8\u9a6c\u61ff\u5ae6\u5a25\u5e26\u4e94\u6392~", "anchor_url": "https://egame.qq.com/295711770", "anchor_name": "EL-\u4e9a\u5f53", "fan_num": 13149, "crawl_time": "2019-07-04 16:06:49"}
{"channel": "\u738b\u8005\u8363\u8000", "watch_num": 219000.0, "anchor_roomname": "36-51\u9876\u7aef\u5c40\u6253\u91ce", "anchor_url": "https://egame.qq.com/529635209", "anchor_name": "Anw\u5b89\u7a33-\u749e\u661f", "fan_num": 68559, "crawl_time": "2019-07-04 16:06:49"}
{"channel": "\u738b\u8005\u8363\u8000", "watch_num": 180000.0, "anchor_roomname": "\u674e\u767d\u661f\u8000\u5c40\u64cd\u4f5c\u79c0", "anchor_url": "https://egame.qq.com/5418301", "anchor_name": "\u749e\u661f-\u8bd7\u4ed9\u5c0f\u54e5\u54e5", "fan_num": 3243270, "crawl_time": "2019-07-04 16:06:49"}
{"channel": "\u738b\u8005\u8363\u8000", "watch_num": 390000.0, "anchor_roomname": "\u3010\u9884\u544a\u30117\u670810\u65e52019\u4e16\u754c\u51a0\u519b\u676f\u63ed\u5e55\u6218", "anchor_url": "https://egame.qq.com/425619282", "anchor_name": "\u4e16\u754c\u51a0\u519b\u676f\u5b98\u65b9\u76f4\u64ad\u95f4", "fan_num": 6313477, "crawl_time": "2019-07-04 16:06:49"}
{"channel": "\u738b\u8005\u8363\u8000", "watch_num": 88000.0, "anchor_roomname": "\u6728\u5170\u662f\u4fe1\u4ef0 \u5e26\u7c89\u4e2d", "anchor_url": "https://egame.qq.com/263257641", "anchor_name": "\u4ed9\u9017\u9017\u4e2b-kz", "fan_num": 125483, "crawl_time": "2019-07-04 16:06:49"}
{"channel": "\u738b\u8005\u8363\u8000", "watch_num": 7675.0, "anchor_roomname": "\u6458\u661f\u661f\u7684\u5973\u5b69\u5b50", "anchor_url": "https://egame.qq.com/78145934", "anchor_name": "Amy.\u82cf\u590f", "fan_num": 750, "crawl_time": "2019-07-04 16:06:49"}
{"channel": "\u738b\u8005\u8363\u8000", "watch_num": 900000.0, "anchor_roomname": "\u51b2\u51fb\u738b\u8005\u7d27\u5f20\u53c8\u523a\u6fc0\uff01\uff01\uff01", "anchor_url": "https://egame.qq.com/5837682", "anchor_name": "\u98ce\u5bfc1998", "fan_num": 1928192, "crawl_time": "2019-07-04 16:06:49"}
{"channel": "\u738b\u8005\u8363\u8000", "watch_num": 706000.0, "anchor_roomname": "\u5929\u79c0\u4e2d\u5355\uff0c\u53cc\u6392\u4e0a\u661f\u5982\u559d\u6c34", "anchor_url": "https://egame.qq.com/627429768", "anchor_name": "\u5317\u7b19", "fan_num": 183351, "crawl_time": "2019-07-04 16:06:50"}
{"channel": "\u738b\u8005\u8363\u8000", "watch_num": 992000.0, "anchor_roomname": "QQ\u533a34-51\u661f\u9876\u5c16\u5c40", "anchor_url": "https://egame.qq.com/839642", "anchor_name": "BA.\u65e0\u60c5", "fan_num": 1545049, "crawl_time": "2019-07-04 16:06:50"}
{"channel": "\u738b\u8005\u8363\u8000", "watch_num": 316000.0, "anchor_roomname": "\u56fd\u670d\u7384\u7b56\u5e26\u5b88\u62a4\u5c60\u6740\u4e0a\u5206", "anchor_url": "https://egame.qq.com/463677356", "anchor_name": "Dae-\u963f\u68ee7.10\u751f\u65e5\u4f1a", "fan_num": 12307, "crawl_time": "2019-07-04 16:06:50"}
{"channel": "\u738b\u8005\u8363\u8000", "watch_num": 99000.0, "anchor_roomname": "\u6362\u4e86\u65b0\u53d1\u578b\uff0c\u5927\u5bb6\u611f\u89c9\u548b\u6837\uff1f", "anchor_url": "https://egame.qq.com/253301074", "anchor_name": "\u60c5\u4e45\u4e36\u5927\u6a58\u5b50", "fan_num": 43404, "crawl_time": "2019-07-04 16:06:50"}
{"channel": "\u738b\u8005\u8363\u8000", "watch_num": 61000.0, "anchor_roomname": "TGA\u7535\u7ade\u8fd0\u52a8\u4f1a-\u738b\u8005\u8363\u8000", "anchor_url": "https://egame.qq.com/317923140", "anchor_name": "TGA\u7535\u7ade\u8fd0\u52a8\u4f1a", "fan_num": 32493, "crawl_time": "2019-07-04 16:06:50"}
{"channel": "\u8dd1\u8dd1\u5361\u4e01\u8f66\u624b\u6e38", "watch_num": 8093.0, "anchor_roomname": "\u9053\u5177\u5927\u5e08\u51b2\u699cing\uff0c\uff0c\uff0c", "anchor_url": "https://egame.qq.com/7961069", "anchor_name": "Zy\u4e36\u695a\u963f\u6021", "fan_num": 97, "crawl_time": "2019-07-04 16:06:50"}
{"channel": "\u738b\u8005\u8363\u8000", "watch_num": 132000.0, "anchor_roomname": "\u51b7\u9762\u6740\u624b\u8001\u6708\u7231", "anchor_url": "https://egame.qq.com/258866", "anchor_name": "\u8001\u6708\u7231\u9752\u6625\u6c38\u9a7b", "fan_num": 1911029, "crawl_time": "2019-07-04 16:06:50"}
{"channel": "\u738b\u8005\u8363\u8000", "watch_num": 105000.0, "anchor_roomname": "\u8bb0\u5f97\u6545\u4e8b\u3002", "anchor_url": "https://egame.qq.com/7728257", "anchor_name": "\u8d85\u795e\u963f", "fan_num": 2834, "crawl_time": "2019-07-04 16:06:50"}
{"channel": "\u8dd1\u8dd1\u5361\u4e01\u8f66\u624b\u6e38", "watch_num": 8428.0, "anchor_roomname": "\u6280\u672f\u5927\u795e\u4e13\u4e1a\u6307\u5bfc", "anchor_url": "https://egame.qq.com/448205636", "anchor_name": "Zy\u4e36\u706d\u9738", "fan_num": 303, "crawl_time": "2019-07-04 16:06:50"}
{"channel": "\u8dd1\u8dd1\u5361\u4e01\u8f66\u624b\u6e38", "watch_num": 9375.0, "anchor_roomname": "\u8fd9\u4e2a\u6e38\u620f\u597d\u96be\u5416", "anchor_url": "https://egame.qq.com/588688110", "anchor_name": "\u6c5f\u5c0f\u767d\u554a\u767d", "fan_num": 1113, "crawl_time": "2019-07-04 16:06:50"}
{"channel": "\u8dd1\u8dd1\u5361\u4e01\u8f66\u624b\u6e38", "watch_num": 9701.0, "anchor_roomname": "\u98ce\u91cc\u96e8\u91cc\uff0c\u86cb\u86cb\u76f4\u64ad\u95f4\u7b49\u4f60\u3002", "anchor_url": "https://egame.qq.com/67829942", "anchor_name": "DS\u4e92\u5a31-\u86cb\u6bdb\u5416", "fan_num": 1540, "crawl_time": "2019-07-04 16:06:50"}
{"channel": "\u8dd1\u8dd1\u5361\u4e01\u8f66\u624b\u6e38", "watch_num": 9641.0, "anchor_roomname": "\u65e0\u804a\u73a9\u4e00\u4f1a", "anchor_url": "https://egame.qq.com/380560503", "anchor_name": "8.1\u5c0f\u7396\u513f\u4e24\u5468\u5e74\u5e86", "fan_num": 296, "crawl_time": "2019-07-04 16:06:50"}
{"channel": "\u8dd1\u8dd1\u5361\u4e01\u8f66\u624b\u6e38", "watch_num": 8509.0, "anchor_roomname": "\u6bcf\u4e00\u5929\u90fd\u503c\u5f97\u671f\u5f85\uff01\u6210\u957f\u7684\u9053\u8def\u52a0\u6cb9\uff01", "anchor_url": "https://egame.qq.com/1195676", "anchor_name": "\u706b\u8350-\u6653\u6768\u5b66\u5f1fa", "fan_num": 19522, "crawl_time": "2019-07-04 16:06:50"}
{"channel": "\u8dd1\u8dd1\u5361\u4e01\u8f66\u624b\u6e38", "watch_num": 9234.0, "anchor_roomname": "\u8dd1\u8dd1\u5361\u4e01\u8f66\u7b2c\u4e09\u5929", "anchor_url": "https://egame.qq.com/244396220", "anchor_name": "MS\u79bb\u522b", "fan_num": 13705, "crawl_time": "2019-07-04 16:06:50"}
{"channel": "\u8dd1\u8dd1\u5361\u4e01\u8f66\u624b\u6e38", "watch_num": 15000.0, "anchor_roomname": "\u514d\u8d39\u6559\u5b66 \u79d2\u8fc7L1", "anchor_url": "https://egame.qq.com/434746649", "anchor_name": "\u7efc\u7687-\u8f66\u795e\u620f\u5b50", "fan_num": 6875, "crawl_time": "2019-07-04 16:06:51"}
{"channel": "\u8dd1\u8dd1\u5361\u4e01\u8f66\u624b\u6e38", "watch_num": 19000.0, "anchor_roomname": "\u9a7e\u7167\u4ec0\u4e48\u7684\u5c0f\u610f\u601d\u5566", "anchor_url": "https://egame.qq.com/228874793", "anchor_name": "\u98ce\u7d6e-", "fan_num": 1207, "crawl_time": "2019-07-04 16:06:51"}
{"channel": "\u8dd1\u8dd1\u5361\u4e01\u8f66\u624b\u6e38", "watch_num": 21000.0, "anchor_roomname": "\u6bcf\u592919\u70b9\u523020\u70b9L1\u6559\u5b66", "anchor_url": "https://egame.qq.com/363019111", "anchor_name": "DS\u7a00\u53cb", "fan_num": 8441, "crawl_time": "2019-07-04 16:06:51"}
{"channel": "\u8dd1\u8dd1\u5361\u4e01\u8f66\u624b\u6e38", "watch_num": 15000.0, "anchor_roomname": "\u753b\u8d28\u5927\u66f4\u65b0\u54e6\uff01\u7ee7\u7eed\u809d\u6392\u4f4d", "anchor_url": "https://egame.qq.com/50991456", "anchor_name": "FIR\u4e36haha", "fan_num": 274, "crawl_time": "2019-07-04 16:06:51"}
{"channel": "\u8dd1\u8dd1\u5361\u4e01\u8f66\u624b\u6e38", "watch_num": 15000.0, "anchor_roomname": "\u548c36D\u5c0f\u59d0\u59d0\u4e00\u8d77\u8dd1\u5417", "anchor_url": "https://egame.qq.com/427630085", "anchor_name": "DS-\u54c7\u840c\u5446\u5446", "fan_num": 19172, "crawl_time": "2019-07-04 16:06:51"}
{"channel": "\u8dd1\u8dd1\u5361\u4e01\u8f66\u624b\u6e38", "watch_num": 23000.0, "anchor_roomname": "\u521d\u89c1\uff1a\u5185\u6d4b\u767e\u661f\u8f66\u738b\u5e26\u4f60\u98de", "anchor_url": "https://egame.qq.com/288048516", "anchor_name": "\u4e3f\u5982\u82e5\u4e36\u521d\u89c1", "fan_num": 10965, "crawl_time": "2019-07-04 16:06:51"}
{"channel": "\u8dd1\u8dd1\u5361\u4e01\u8f66\u624b\u6e38", "watch_num": 19000.0, "anchor_roomname": "\u5b89\u5353\u5e2e\u8fc7\u9a7e\u7167\u5f2f\u9053\u4efb\u52a1\uff01\uff01", "anchor_url": "https://egame.qq.com/701985950", "anchor_name": "CooL\u4e36\u7c73\u6c64\u706c", "fan_num": 75, "crawl_time": "2019-07-04 16:06:51"}
{"channel": "\u8dd1\u8dd1\u5361\u4e01\u8f66\u624b\u6e38", "watch_num": 25000.0, "anchor_roomname": "\u7ee7\u7eed\u514d\u8d39\u4e0a\u5206", "anchor_url": "https://egame.qq.com/12090614", "anchor_name": "\u4f01\u9e45\u7535\u7ade\u8001\u5f90", "fan_num": 334334, "crawl_time": "2019-07-04 16:06:52"}
{"channel": "\u8dd1\u8dd1\u5361\u4e01\u8f66\u624b\u6e38", "watch_num": 19000.0, "anchor_roomname": "\u65b0\u4e3b\u64ad \u6c42\u5173\u6ce8 \u6c42\u5b88\u62a4", "anchor_url": "https://egame.qq.com/242138669", "anchor_name": "\u72ec\u7acb\u56e2\u4e28\u674e\u4e91\u9f99", "fan_num": 93, "crawl_time": "2019-07-04 16:06:52"}
{"channel": "\u8dd1\u8dd1\u5361\u4e01\u8f66\u624b\u6e38", "watch_num": 85000.0, "anchor_roomname": "\u5185\u6d4b\u7ade\u901f\u5973\u4e3b\u64ad", "anchor_url": "https://egame.qq.com/346572325", "anchor_name": "\u90ed\u5b89\u59aeo", "fan_num": 78867, "crawl_time": "2019-07-04 16:06:52"}
{"channel": "\u8dd1\u8dd1\u5361\u4e01\u8f66\u624b\u6e38", "watch_num": 92000.0, "anchor_roomname": "\u8ba1\u65f6\u51b2\uff01\uff01\uff01", "anchor_url": "https://egame.qq.com/472019697", "anchor_name": "JY-\u5c71\u897f\u86cb\u86cb", "fan_num": 185, "crawl_time": "2019-07-04 16:06:52"}
{"channel": "\u8dd1\u8dd1\u5361\u4e01\u8f66\u624b\u6e38", "watch_num": 20000.0, "anchor_roomname": "\u56fd\u670d\u7b2c\u4e00\u751c\u7b11", "anchor_url": "https://egame.qq.com/698402169", "anchor_name": "Qn\u5dde\u5dde\u7761\u4e0d\u9192", "fan_num": 335, "crawl_time": "2019-07-04 16:06:52"}
{"channel": "\u8dd1\u8dd1\u5361\u4e01\u8f66\u624b\u6e38", "watch_num": 29000.0, "anchor_roomname": "\u65e0\u654c\u8c46  \u51b2\u51b2\u5206\u4e0a\u8f66\u795e", "anchor_url": "https://egame.qq.com/311986849", "anchor_name": "\u6211\u53eb\u5218\u8c46\u8c46", "fan_num": 4174, "crawl_time": "2019-07-04 16:06:52"}
{"channel": "\u548c\u5e73\u7cbe\u82f1", "watch_num": 33000.0, "anchor_roomname": "\u3010\u65b0\u8d5b\u5b63\u56db\u6392\u51b2\u699c\u3011", "anchor_url": "https://egame.qq.com/453979629", "anchor_name": "\u8001\u5b9e\u61a8\u539a\u7684\u6668\u98ce", "fan_num": 142109, "crawl_time": "2019-07-04 16:06:52"}
{"channel": "\u548c\u5e73\u7cbe\u82f1", "watch_num": 35000.0, "anchor_roomname": "\u6781\u901f\u51b2\u699c,\u4e0d\u4e0a\u6218\u795e\u4e0d\u4e0b\u64ad", "anchor_url": "https://egame.qq.com/464083427", "anchor_name": "\u821e\u8e48\u5bb6\u5341\u4e09\u5440", "fan_num": 40778, "crawl_time": "2019-07-04 16:06:52"}
{"channel": "\u548c\u5e73\u7cbe\u82f1", "watch_num": 38000.0, "anchor_roomname": "\u7b2c\u4e00\u6b21\u76f4\u64ad\u597d\u7d27\u5f20", "anchor_url": "https://egame.qq.com/235054343", "anchor_name": "\u4e00\u53ea\u5c0f\u53ef\u7231l.", "fan_num": 129988, "crawl_time": "2019-07-04 16:06:52"}
{"channel": "\u548c\u5e73\u7cbe\u82f1", "watch_num": 33000.0, "anchor_roomname": "\u8fd9\u4e3b\u64ad\u8df3\u81ea\u95ed\u57ce\u5929\u5929\u88ab\u4eba\u6441\u5730\u4e0a\u9524", "anchor_url": "https://egame.qq.com/43435851", "anchor_name": "DS\u5b89\u6cfd\u6790-5540521", "fan_num": 3578, "crawl_time": "2019-07-04 16:06:52"}
{"channel": "\u8dd1\u8dd1\u5361\u4e01\u8f66\u624b\u6e38", "watch_num": 10000.0, "anchor_roomname": "\u6c49\u97f3\u5c0f\u59d0\u59d0", "anchor_url": "https://egame.qq.com/533492199", "anchor_name": "DS-\u620f\u5b50", "fan_num": 369, "crawl_time": "2019-07-04 16:06:52"}
{"channel": "\u82f1\u96c4\u8054\u76df", "watch_num": 5716.0, "anchor_roomname": "IBOY\u4e13\u5c5eOB\u76f4\u64ad\u95f4", "anchor_url": "https://egame.qq.com/76069807", "anchor_name": "EDG\u8549\u7238OB", "fan_num": 2142, "crawl_time": "2019-07-04 16:06:52"}
{"channel": "\u548c\u5e73\u7cbe\u82f1", "watch_num": 35000.0, "anchor_roomname": "\u77ac\u72d9\u4e4b\u738b.\u96e8\u6797\u94a2\u67aa\u673a\u5668.", "anchor_url": "https://egame.qq.com/461193477", "anchor_name": "\u6795\u97f3\u54e5\u54e5", "fan_num": 22828, "crawl_time": "2019-07-04 16:06:52"}
{"channel": "\u548c\u5e73\u7cbe\u82f1", "watch_num": 38000.0, "anchor_roomname": "\u3010\u67d2\u67d2\u3011\u5f00\u542f\u7f8e\u597d\u4e00\u5929", "anchor_url": "https://egame.qq.com/420240438", "anchor_name": "\u60c5\u4e45-\u718a\u67d2\u67d2", "fan_num": 20165, "crawl_time": "2019-07-04 16:06:53"}
{"channel": "\u82f1\u96c4\u8054\u76df", "watch_num": 5541.0, "anchor_roomname": "\u4e91\u9876\u4e4b\u5f08\uff1a\u7f8e\u670dPBE\u51b2\u51b2\u51b2", "anchor_url": "https://egame.qq.com/343357530", "anchor_name": "EL-Xiaov", "fan_num": 134, "crawl_time": "2019-07-04 16:06:53"}
{"channel": "\u8dd1\u8dd1\u5361\u4e01\u8f66\u624b\u6e38", "watch_num": 71000.0, "anchor_roomname": "\u4eca\u5929\u5e2e\u8003L1\u7684\u54af\uff01", "anchor_url": "https://egame.qq.com/156888567", "anchor_name": "JY-\u50bb\u9ece\u660e", "fan_num": 526, "crawl_time": "2019-07-04 16:06:53"}
{"channel": "\u82f1\u96c4\u8054\u76df", "watch_num": 5691.0, "anchor_roomname": "\u548c\u670b\u53cb\u4e0a\u6ce2\u5206\uff0c\u4e91\u9876\u6392\u961f\u4e2d\u3002", "anchor_url": "https://egame.qq.com/204042920", "anchor_name": "\u51ef\u6218-Teddy", "fan_num": 27, "crawl_time": "2019-07-04 16:06:53"}
{"channel": "\u82f1\u96c4\u8054\u76df", "watch_num": 4971.0, "anchor_roomname": "\u4e91\u9876\u4e4b\u5f08 20\u9e21 \u4e0b\u64ad", "anchor_url": "https://egame.qq.com/436264880", "anchor_name": "EL-\u59dc\u8868\u54e5", "fan_num": 43, "crawl_time": "2019-07-04 16:06:53"}
{"channel": "\u82f1\u96c4\u8054\u76df", "watch_num": 5646.0, "anchor_roomname": "\u9ed1\u8272\u73ab\u7470\u4e00\u8d77\u554a", "anchor_url": "https://egame.qq.com/143903403", "anchor_name": "\u661f\u7a7a\u4e36\u8d77\u5c0f\u6e90", "fan_num": 36, "crawl_time": "2019-07-04 16:06:53"}
{"channel": "\u82f1\u96c4\u8054\u76df", "watch_num": 6240.0, "anchor_roomname": "\u6d3b\u7740\u7684\u4eba\u624d\u6709\u8d44\u683c\u8865\u5175", "anchor_url": "https://egame.qq.com/425897854", "anchor_name": "\u9e7f\u73969", "fan_num": 179, "crawl_time": "2019-07-04 16:06:53"}
{"channel": "\u82f1\u96c4\u8054\u76df", "watch_num": 7236.0, "anchor_roomname": "\u90ed\u5c9b\u957f\u65e5\u670d\u4e91\u9876\u4e4b\u5f08", "anchor_url": "https://egame.qq.com/63325307", "anchor_name": "\u51ef\u6218-\u90ed\u8c6a\u6770", "fan_num": 208, "crawl_time": "2019-07-04 16:06:53"}
{"channel": "\u82f1\u96c4\u8054\u76df", "watch_num": 10000.0, "anchor_roomname": "\u4e91\u9876\u4e4b\u5f08\u840c\u65b0\uff01\uff01\uff01", "anchor_url": "https://egame.qq.com/57660478", "anchor_name": "THE-\u8bfa\u795eDarius", "fan_num": 27904, "crawl_time": "2019-07-04 16:06:53"}
{"channel": "\u82f1\u96c4\u8054\u76df", "watch_num": 6730.0, "anchor_roomname": "\u2764 \u2570\uff07\u273f \u5b89 \u9759 \u7684 \u6253 \u6e38 \u620f\u256e", "anchor_url": "https://egame.qq.com/616751783", "anchor_name": "\u9752\u9752\u5416\u4e36", "fan_num": 434, "crawl_time": "2019-07-04 16:06:53"}
{"channel": "\u548c\u5e73\u7cbe\u82f1", "watch_num": 35000.0, "anchor_roomname": "\u5e26\u7c89\u76f4\u64ad\uff0c\u5173\u6ce8\u4e3b\u64ad", "anchor_url": "https://egame.qq.com/160929479", "anchor_name": "\u661f\u7a7a\u4e36\u900d\u9065", "fan_num": 270, "crawl_time": "2019-07-04 16:06:53"}
{"channel": "\u82f1\u96c4\u8054\u76df", "watch_num": 10000.0, "anchor_roomname": "\u7b49\u4e2a\u53f7\u514d\u8d39\u4e0a\u7535\u89c6\u4e0d\u6392\u961f \u65362\u4e2a\u771f\u5fc3\u5f92\u5f1f", "anchor_url": "https://egame.qq.com/658336542", "anchor_name": "\u5ce1\u8c37\u4e0a\u5206\u738b", "fan_num": 200, "crawl_time": "2019-07-04 16:06:53"}
{"channel": "\u82f1\u96c4\u8054\u76df", "watch_num": 12000.0, "anchor_roomname": "\u66fe\u67d0\uff1a\u4e9a\u7d22\u5251\u9b54\u300a\u7a76\u6781\u6740\u622e\u300b", "anchor_url": "https://egame.qq.com/579805310", "anchor_name": "\u5a31\u52a0\u66fe\u67d0", "fan_num": 505, "crawl_time": "2019-07-04 16:06:53"}
{"channel": "\u82f1\u96c4\u8054\u76df", "watch_num": 8906.0, "anchor_roomname": "\u4eca\u5929\u4e5f\u8981\u5143\u6c14\u6ee1\u6ee1\u55f7", "anchor_url": "https://egame.qq.com/501748223", "anchor_name": "Cherleyyyy", "fan_num": 20, "crawl_time": "2019-07-04 16:06:53"}
{"channel": "\u82f1\u96c4\u8054\u76df", "watch_num": 12000.0, "anchor_roomname": "\u5ce1\u8c37 \u68a6\u5c0f\u6df7 \u4e0a\u7ebf\u4e86", "anchor_url": "https://egame.qq.com/253920611", "anchor_name": "\u68a6\u5c0f\u8fbec", "fan_num": 1558, "crawl_time": "2019-07-04 16:06:54"}
{"channel": "\u82f1\u96c4\u8054\u76df", "watch_num": 12000.0, "anchor_roomname": "\u8c46\u8150\u514d\u8d39\u6253\u53f7\u4e4b\u65c5\u3002\u3002", "anchor_url": "https://egame.qq.com/398262234", "anchor_name": "\u661f\u7a7a\u4e36\u8c46\u8150", "fan_num": 1266, "crawl_time": "2019-07-04 16:06:54"}
{"channel": "\u82f1\u96c4\u8054\u76df", "watch_num": 10000.0, "anchor_roomname": "\u4e91\u9876\u4e4b\u5f08 \u6070\u9e21\u5c0f\u5e2e\u624b", "anchor_url": "https://egame.qq.com/407329054", "anchor_name": "\u5e72\u7269H\u732b", "fan_num": 8671, "crawl_time": "2019-07-04 16:06:54"}
{"channel": "\u82f1\u96c4\u8054\u76df", "watch_num": 16000.0, "anchor_roomname": "\u94bb\u77f3ad\u5c0f\u6539\u6539", "anchor_url": "https://egame.qq.com/569351956", "anchor_name": "\u7ca4\u4e36\u6893\u6674", "fan_num": 6586, "crawl_time": "2019-07-04 16:06:54"}
{"channel": "\u82f1\u96c4\u8054\u76df", "watch_num": 18000.0, "anchor_roomname": "\u4e91\u9876\u4e4b\u5f08\uff0c\u4e00\u6b21\u529e\u5361\u5929\u5929\u62bd\u5956\uff1f", "anchor_url": "https://egame.qq.com/329308812", "anchor_name": "EL-\u9e21\u738b", "fan_num": 1252, "crawl_time": "2019-07-04 16:06:54"}
{"channel": "\u82f1\u96c4\u8054\u76df", "watch_num": 20000.0, "anchor_roomname": "\u56fd\u670d\u7b2c\u4e00\u52ab", "anchor_url": "https://egame.qq.com/203208214", "anchor_name": "T1-\u9752\u8292zed", "fan_num": 16414, "crawl_time": "2019-07-04 16:06:54"}
{"channel": "\u82f1\u96c4\u8054\u76df", "watch_num": 25000.0, "anchor_roomname": "\u7b2c1\u72d7\u593420\u5206\u949f900Q", "anchor_url": "https://egame.qq.com/617687813", "anchor_name": "\u51ef\u6218\u4e00\u963f\u7b11", "fan_num": 2322, "crawl_time": "2019-07-04 16:06:54"}
{"channel": "\u82f1\u96c4\u8054\u76df", "watch_num": 17000.0, "anchor_roomname": "\u79cb\u67ab--\u8fd9\u6e38\u620f\u4e0d\u810f\u70ae\u8f66\u548b\u73a9\uff1f", "anchor_url": "https://egame.qq.com/384433152", "anchor_name": "\u51ef\u6218-\u79cb\u67ab", "fan_num": 47, "crawl_time": "2019-07-04 16:06:54"}
{"channel": "\u82f1\u96c4\u8054\u76df", "watch_num": 26000.0, "anchor_roomname": "\u9ed1\u591c\uff1a\u56fd\u670d\u9876\u5c16\u5251\u9b54", "anchor_url": "https://egame.qq.com/617075266", "anchor_name": "\u9b54\u5e1d\u9ed1\u591c", "fan_num": 324, "crawl_time": "2019-07-04 16:06:54"}
{"channel": "\u82f1\u96c4\u8054\u76df", "watch_num": 38000.0, "anchor_roomname": "\u5168\u80fd\u91ce\u738b\uff1a\u5fb7\u739b\u897f\u4e9a\u534e\u4e3d\u6740\u622e\uff01", "anchor_url": "https://egame.qq.com/9853892", "anchor_name": "\u661f\u5a31\u4e36\u4e5d\u9171", "fan_num": 17, "crawl_time": "2019-07-04 16:06:54"}
{"channel": "\u82f1\u96c4\u8054\u76df", "watch_num": 31000.0, "anchor_roomname": "\u5ce1\u8c37\u4eca\u5929\u7ed3\u675f,\u94bb\u77f3\u5c40\u5c60\u6740", "anchor_url": "https://egame.qq.com/448678145", "anchor_name": "\u5a31\u52a0-\u516b\u4e07\u9510\u96ef", "fan_num": 90159, "crawl_time": "2019-07-04 16:06:54"}
{"channel": "\u82f1\u96c4\u8054\u76df", "watch_num": 41000.0, "anchor_roomname": "\u4e00\u4e2a\u53ea\u6709\u8c79\u5973\u7684\u76f4\u64ad\u95f4", "anchor_url": "https://egame.qq.com/583995833", "anchor_name": "\u665a\u5b89\u5948\u5fb7\u4e3dqaq", "fan_num": 5271, "crawl_time": "2019-07-04 16:06:54"}
{"channel": "\u82f1\u96c4\u8054\u76df", "watch_num": 20000.0, "anchor_roomname": "EDGOB:\u5382\u957f\u4e03\u9171\u5251RAY\u591ajie\u8549\u91ce", "anchor_url": "https://egame.qq.com/531149290", "anchor_name": "EDG\u963f\u68eeob-\u51ef\u6218", "fan_num": 36267, "crawl_time": "2019-07-04 16:06:54"}
{"channel": "\u82f1\u96c4\u8054\u76df", "watch_num": 97000.0, "anchor_roomname": "\u6740\u624b17\uff1a\u6d32\u9645\u8d5b\u804a\u5929\u5ba4", "anchor_url": "https://egame.qq.com/232176118", "anchor_name": "ss17-\u51ef\u6218", "fan_num": 66515, "crawl_time": "2019-07-04 16:06:55"}
{"channel": "\u82f1\u96c4\u8054\u76df", "watch_num": 87000.0, "anchor_roomname": "EDG\u5145\u7535\u5b9dOB\uff1a\u5728OB\u53ef\u7231\u7684\u8549\u8549", "anchor_url": "https://egame.qq.com/146039148", "anchor_name": "EDG\u5b50\u51efOB-EL", "fan_num": 16620, "crawl_time": "2019-07-04 16:06:55"}
{"channel": "\u82f1\u96c4\u8054\u76df", "watch_num": 39000.0, "anchor_roomname": "LOL\u4e91\u9876\u4e4b\u5f08\u5728\u4e0b\u7535\u7ade\u6c5f\u6d41\u513f\uff01", "anchor_url": "https://egame.qq.com/281447634", "anchor_name": "\u51ef\u6218-\u5927\u9e1f\u51b0\u9e1f", "fan_num": 436122, "crawl_time": "2019-07-04 16:06:55"}
{"channel": "\u82f1\u96c4\u8054\u76df", "watch_num": 79000.0, "anchor_roomname": "\u4e91\u9876\u4e4b\u5f08\u65e0BUG\u7248\u672c\u628a\u628a\u5403\u9e21", "anchor_url": "https://egame.qq.com/604962360", "anchor_name": "\u5c0f\u54c7DK", "fan_num": 1226, "crawl_time": "2019-07-04 16:06:55"}
{"channel": "\u82f1\u96c4\u8054\u76df", "watch_num": 106000.0, "anchor_roomname": "\u6b22\u4e50\u9001\u6b7b\u6d41\u4e36\u6b22\u4e50\u65f6\u5149\u6765\u5566\uff01", "anchor_url": "https://egame.qq.com/460686620", "anchor_name": "\u5c0f\u6587\u70bc\u91d1c-\u51ef\u6218", "fan_num": 14994, "crawl_time": "2019-07-04 16:06:55"}
{"channel": "\u82f1\u96c4\u8054\u76df", "watch_num": 56000.0, "anchor_roomname": "\u4e91\u9876\u4e4b\u5f08\u5404\u79cd\u5c0f\u6280\u5de7", "anchor_url": "https://egame.qq.com/389938351", "anchor_name": "Sky\u590f\u96e8", "fan_num": 2114, "crawl_time": "2019-07-04 16:06:55"}
{"channel": "\u82f1\u96c4\u8054\u76df", "watch_num": 1624000.0, "anchor_roomname": "\u5fb7\u4e91\u8272  QQ\u98de\u8f66\u5468\u5e74\u5e86\uff01", "anchor_url": "https://egame.qq.com/497383565", "anchor_name": "\u8001\u5b9e\u6566\u539a\u7684\u7b11\u7b11", "fan_num": 1119558, "crawl_time": "2019-07-04 16:06:55"}
{"channel": "\u82f1\u96c4\u8054\u76df", "watch_num": 51000.0, "anchor_roomname": "\u58f0\u4f18\u841d\u8389\uff1a\u4e0a\u8f66\u5566\uff01\u6563\u88c5\u6cd5\u62c9\u5229\u5df2\u5c31\u7eea", "anchor_url": "https://egame.qq.com/205271816", "anchor_name": "\u80d6\u732a\u54aam", "fan_num": 5893, "crawl_time": "2019-07-04 16:06:55"}
{"channel": "\u82f1\u96c4\u8054\u76df", "watch_num": 23000.0, "anchor_roomname": "\u5ce1\u8c37\u4e4b\u5dc5\u738b\u8005\u5c40", "anchor_url": "https://egame.qq.com/66801151", "anchor_name": "\u963f\u7518Zz", "fan_num": 160, "crawl_time": "2019-07-04 16:06:55"}
{"channel": "\u82f1\u96c4\u8054\u76df", "watch_num": 3293000.0, "anchor_roomname": "\u6211\u662f\u5317\u7f8e\uff1a\u5c0f\u5634\u5f88\u751c", "anchor_url": "https://egame.qq.com/383204988", "anchor_name": "\u5c0f\u667a", "fan_num": 1995951, "crawl_time": "2019-07-04 16:06:55"}
{"channel": "\u82f1\u96c4\u8054\u76df", "watch_num": 13000.0, "anchor_roomname": "\u65e0\u4eba\u5ba0\u7231\u6240\u4ee5\u66f4\u52a0\u52aa\u529b", "anchor_url": "https://egame.qq.com/399024751", "anchor_name": "\u65e0\u4eba\u5ba0\u7231\u5c0f\u6da9\u6167", "fan_num": 9105, "crawl_time": "2019-07-04 16:06:55"}
{"channel": "\u548c\u5e73\u7cbe\u82f1", "watch_num": 51000.0, "anchor_roomname": "5\u8d5b\u5b63\u699c\u5355\u6218\u795e\uff0c\u5728\u7ebf\u9524\u4eba", "anchor_url": "https://egame.qq.com/200005559", "anchor_name": "EL\u521d\u8bcd", "fan_num": 8607, "crawl_time": "2019-07-04 16:06:55"}
{"channel": "\u548c\u5e73\u7cbe\u82f1", "watch_num": 58000.0, "anchor_roomname": "T1\u804c\u4e1a\u8bad\u7ec3\u8d5b~", "anchor_url": "https://egame.qq.com/156978639", "anchor_name": "WE\u4e36\u5c0f\u5965", "fan_num": 41268, "crawl_time": "2019-07-04 16:06:55"}
{"channel": "\u548c\u5e73\u7cbe\u82f1", "watch_num": 56000.0, "anchor_roomname": "\u804c\u4e1a\u8bad\u7ec3\u8d5b \u804c\u4e1a\u62c9\u6813\u72d9", "anchor_url": "https://egame.qq.com/112272186", "anchor_name": "WE\u4e36\u7c73\u80af", "fan_num": 40111, "crawl_time": "2019-07-04 16:06:55"}
{"channel": "\u548c\u5e73\u7cbe\u82f1", "watch_num": 77000.0, "anchor_roomname": "\u4f01\u9e45\u6700\u4f1a\u753b\u753b\u7684\u5403\u9e21\u8f6f\u59b9~\ud83d\udc97", "anchor_url": "https://egame.qq.com/382786846", "anchor_name": "\u751c\u4fee.px", "fan_num": 9063, "crawl_time": "2019-07-04 16:06:55"}
{"channel": "\u548c\u5e73\u7cbe\u82f1", "watch_num": 75000.0, "anchor_roomname": "SS2\u6218\u795e\u51b2\u523a\uff01\u8f6f\u840c\u5c11\u5973\u76d2\u5b50\u7cbe~", "anchor_url": "https://egame.qq.com/549602455", "anchor_name": "\u4f60\u7684\u4e0d\u4e56\u4e36", "fan_num": 889, "crawl_time": "2019-07-04 16:06:56"}
{"channel": "\u82f1\u96c4\u8054\u76df", "watch_num": 22000.0, "anchor_roomname": "D1\u827e\u6b27\u5c3c\u4e9a\u738b\u8005\u7075\u6d3b\u6392\u4f4d\u51b2\u7b2c\u4e00\uff01", "anchor_url": "https://egame.qq.com/580787169", "anchor_name": "\u51b7\u77b3zz", "fan_num": 725, "crawl_time": "2019-07-04 16:06:56"}
{"channel": "\u548c\u5e73\u7cbe\u82f1", "watch_num": 79000.0, "anchor_roomname": "\u4e0b\u5348\u5403\u4e2a\u9e21\u54c7", "anchor_url": "https://egame.qq.com/232123776", "anchor_name": "-\u9648\u5e0c\u6069", "fan_num": 902085, "crawl_time": "2019-07-04 16:06:56"}
{"channel": "\u548c\u5e73\u7cbe\u82f1", "watch_num": 79000.0, "anchor_roomname": "\u65b0\u8d5b\u5b63\uff0c\u9501\u5934\u5df2\u5f00\u542f\u6015\u4e0d\u6015", "anchor_url": "https://egame.qq.com/3375001", "anchor_name": "Dae-\u963f\u5ca9", "fan_num": 56774, "crawl_time": "2019-07-04 16:06:56"}
{"channel": "\u548c\u5e73\u7cbe\u82f1", "watch_num": 92000.0, "anchor_roomname": "\u65b0\u8d5b\u5b63\u731d\u6b7b\u51b2\u699c\uff01", "anchor_url": "https://egame.qq.com/528813700", "anchor_name": "\u9738\u9053\u63a2", "fan_num": 23753, "crawl_time": "2019-07-04 16:06:56"}
{"channel": "\u548c\u5e73\u7cbe\u82f1", "watch_num": 92000.0, "anchor_roomname": "\u56db\u6307\u94a2\u67aa\u5c0f\u59d0\u59d0", "anchor_url": "https://egame.qq.com/134721933", "anchor_name": "Dae-\u601d\u601d", "fan_num": 13332, "crawl_time": "2019-07-04 16:06:56"}
{"channel": "\u548c\u5e73\u7cbe\u82f1", "watch_num": 62000.0, "anchor_roomname": "\u3010\u8fd9\u6761\u6539\u6700\u94a2\u7684girl\u3011", "anchor_url": "https://egame.qq.com/335907616", "anchor_name": "\u732a\u7136\u7136\u5440-", "fan_num": 99387, "crawl_time": "2019-07-04 16:06:56"}
{"channel": "\u548c\u5e73\u7cbe\u82f1", "watch_num": 88000.0, "anchor_roomname": "\u8d5b\u5b63\u672b24\u5c0f\u65f6\u51b2\u523a\u53cc\u6392\u6218\u795e", "anchor_url": "https://egame.qq.com/1309719", "anchor_name": "Dae-\u6708\u5f71", "fan_num": 18562, "crawl_time": "2019-07-04 16:06:56"}
{"channel": "\u548c\u5e73\u7cbe\u82f1", "watch_num": 92000.0, "anchor_roomname": "\u6cb3\u5357\u5927\u59b9\u7838 \u5728\u7ebf\u5bfb\u5e08\u7236", "anchor_url": "https://egame.qq.com/106005524", "anchor_name": "\u5c0f\u963f\u59e8\u4e36", "fan_num": 4963, "crawl_time": "2019-07-04 16:06:56"}
{"channel": "\u548c\u5e73\u7cbe\u82f1", "watch_num": 102000.0, "anchor_roomname": "4\u6392\u6781\u901f\u4e0a\u6218\u795e", "anchor_url": "https://egame.qq.com/208857838", "anchor_name": "KT-\u7b28\u7b28\u8f69", "fan_num": 419542, "crawl_time": "2019-07-04 16:06:56"}
{"channel": "\u548c\u5e73\u7cbe\u82f1", "watch_num": 74000.0, "anchor_roomname": "\u8d5b\u5b63\u521d\u75af\u72c2\u51b2\u523a\u65e0\u654c\u6218\u795e", "anchor_url": "https://egame.qq.com/9175836", "anchor_name": "D\u4f20\u5a92-\u8001\u75de", "fan_num": 225, "crawl_time": "2019-07-04 16:06:56"}
{"channel": "\u548c\u5e73\u7cbe\u82f1", "watch_num": 122000.0, "anchor_roomname": "\u4f01\u9e45\u6700\u8089\u4e3b\u64ad", "anchor_url": "https://egame.qq.com/498935405", "anchor_name": "\u5927\u5510\u4e0d\u592a\u751c", "fan_num": 8401, "crawl_time": "2019-07-04 16:06:56"}
{"channel": "\u548c\u5e73\u7cbe\u82f1", "watch_num": 136000.0, "anchor_roomname": "\u53cc\u6392\u699c\u524d\u4e94.\u4e0d\u4e0a\u6218\u795e\u4e0d\u4e0b\u64ad", "anchor_url": "https://egame.qq.com/352713532", "anchor_name": "Dae.\u6d6a\u795e", "fan_num": 116485, "crawl_time": "2019-07-04 16:06:56"}
{"channel": "\u738b\u8005\u8363\u8000", "watch_num": 136000.0, "anchor_roomname": "\u58f0\u63a7\u7334\u795e\u5728\u7ebf\u4e22\u4eba", "anchor_url": "https://egame.qq.com/315573276", "anchor_name": "\u9006\u5f18", "fan_num": 1505, "crawl_time": "2019-07-04 16:06:56"}
{"channel": "\u548c\u5e73\u7cbe\u82f1", "watch_num": 162000.0, "anchor_roomname": "\u4f60\u51fa\u73b0\u2665\u5c31\u6c89\u9189\u4e86\u65f6\u95f4~", "anchor_url": "https://egame.qq.com/365673764", "anchor_name": "\u7cd6\u5305\u5305\u5305\u5305", "fan_num": 937, "crawl_time": "2019-07-04 16:06:57"}
{"channel": "\u548c\u5e73\u7cbe\u82f1", "watch_num": 114000.0, "anchor_roomname": "\u5149\u5934\u83bd\u592b,\u94a2\u67aa\u6218\u795e\u5c40\uff01", "anchor_url": "https://egame.qq.com/458317957", "anchor_name": "\u83bd\u592b\u51af\u6307\u6325", "fan_num": 38188, "crawl_time": "2019-07-04 16:06:57"}
{"channel": "\u548c\u5e73\u7cbe\u82f1", "watch_num": 104000.0, "anchor_roomname": "\u53cc\u6392\u5168\u7a0b\u94a2\u67aa\u4e0a\u6218\u795e", "anchor_url": "https://egame.qq.com/538324657", "anchor_name": "Qc.\u9752\u6f84\u65e0\u654c", "fan_num": 41363, "crawl_time": "2019-07-04 16:06:57"}
{"channel": "\u548c\u5e73\u7cbe\u82f1", "watch_num": 346000.0, "anchor_roomname": "\u5168\u533a\u524d5\u7684\u5c40 \u9a6c\u4e0a\u6218\u795e", "anchor_url": "https://egame.qq.com/2795658", "anchor_name": "\u5c0f\u5218\u6700\u82f1\u4fca-Dae", "fan_num": 714655, "crawl_time": "2019-07-04 16:06:57"}
{"channel": "\u548c\u5e73\u7cbe\u82f1", "watch_num": 158000.0, "anchor_roomname": "\u51b2!\u51b2\uff01\u51b2\uff01", "anchor_url": "https://egame.qq.com/3056940", "anchor_name": "\u4f1e\u5175\u67da.TMG", "fan_num": 592594, "crawl_time": "2019-07-04 16:06:57"}
{"channel": "\u548c\u5e73\u7cbe\u82f1", "watch_num": 769000.0, "anchor_roomname": "\u82e5\u79bb\uff1a\u51b2\u699c", "anchor_url": "https://egame.qq.com/33245018", "anchor_name": "1314\u4e36\u82e5\u79bb", "fan_num": 888219, "crawl_time": "2019-07-04 16:06:57"}
{"channel": "\u548c\u5e73\u7cbe\u82f1", "watch_num": 62000.0, "anchor_roomname": "\u4f17\u795e\u5f52\u4f4d\uff01\uff01\uff01", "anchor_url": "https://egame.qq.com/127107041", "anchor_name": "\u6c5f\u8fb0i.", "fan_num": 1768, "crawl_time": "2019-07-04 16:06:57"}
{"channel": "\u548c\u5e73\u7cbe\u82f1", "watch_num": 191000.0, "anchor_roomname": "\u51b2\u523a\u699c\u4e00   \u5e72", "anchor_url": "https://egame.qq.com/393977105", "anchor_name": "Sky\u674e\u6653\u5cf0", "fan_num": 867089, "crawl_time": "2019-07-04 16:06:57"}
{"channel": "\u68a6\u5de5\u5382", "watch_num": 43000.0, "anchor_roomname": "\u542c\u8bf4\u7537\u5b69\u5b50\u90fd\u559c\u6b22\u9ec4\u5934\u53d1\u59b9\u59b9", "anchor_url": "https://egame.qq.com/352807361", "anchor_name": "\u679c\u7259\u6751\u4e36\u4e0a\u6749", "fan_num": 1685, "crawl_time": "2019-07-04 16:06:57"}
{"channel": "\u548c\u5e73\u7cbe\u82f1", "watch_num": 689000.0, "anchor_roomname": "4650\u5206~\u6700\u9876\u5c16\u6218\u795e\u5c40", "anchor_url": "https://egame.qq.com/132214784", "anchor_name": "\u6218\u795e8gk", "fan_num": 1574755, "crawl_time": "2019-07-04 16:06:57"}
{"channel": "\u548c\u5e73\u7cbe\u82f1", "watch_num": 787000.0, "anchor_roomname": "\u635f\u809d\u5c0f\u80fd\u624b\u6162\u901f\u4e0a\u6218\u795e\uff01", "anchor_url": "https://egame.qq.com/509130659", "anchor_name": "\u673a\u7075\u9b3c\u5c0f\u897f\u7c73", "fan_num": 291604, "crawl_time": "2019-07-04 16:06:57"}
{"channel": "\u548c\u5e73\u7cbe\u82f1", "watch_num": 2058000.0, "anchor_roomname": "\u6025\u901f\u51b2\u6218\u795e", "anchor_url": "https://egame.qq.com/252487968", "anchor_name": "\u51b7\u5bb4\u534e", "fan_num": 671610, "crawl_time": "2019-07-04 16:06:57"}
{"channel": "\u548c\u5e73\u7cbe\u82f1", "watch_num": 429000.0, "anchor_roomname": "\u65b0\u8d5b\u5b63\u611f\u6069\u6709\u4f60", "anchor_url": "https://egame.qq.com/450214723", "anchor_name": "\u767d\u6d0b7", "fan_num": 113394, "crawl_time": "2019-07-04 16:06:57"}
{"channel": "\u68a6\u5de5\u5382", "watch_num": 52000.0, "anchor_roomname": "\u9ad8\u8003\u7ec8\u4e8e\u7ed3\u675f\u5566 \u6211\u53ef\u4ee5\u5de5\u4f5c\u5566", "anchor_url": "https://egame.qq.com/552284267", "anchor_name": "\u963f\u68a6\u5927\u738b", "fan_num": 4800, "crawl_time": "2019-07-04 16:06:58"}
{"channel": "\u68a6\u5de5\u5382", "watch_num": 47000.0, "anchor_roomname": "\u5b64\u72ec\u5f31\u5c0f\u65e0\u52a9\u53ef\u601c", "anchor_url": "https://egame.qq.com/629700605", "anchor_name": "aff.\u4e00\u590f", "fan_num": 1061, "crawl_time": "2019-07-04 16:06:58"}
{"channel": "\u68a6\u5de5\u5382", "watch_num": 53000.0, "anchor_roomname": "\u8fdb\u6765\u770b\u8df3\u821e\u5417", "anchor_url": "https://egame.qq.com/698543622", "anchor_name": "\u987e\u989c\u4e36", "fan_num": 451, "crawl_time": "2019-07-04 16:06:58"}
{"channel": "\u68a6\u5de5\u5382", "watch_num": 60000.0, "anchor_roomname": "\u8d8a\u52aa\u529b \u8d8a\u5e78\u8fd0", "anchor_url": "https://egame.qq.com/244501674", "anchor_name": "\u97f3\u97f3\u5440i", "fan_num": 95274, "crawl_time": "2019-07-04 16:06:58"}
{"channel": "\u68a6\u5de5\u5382", "watch_num": 74000.0, "anchor_roomname": "\u6709\u73a9\u91d1\u5361\u6d88\u78e8\u65f6\u95f4\u7684\u4e48", "anchor_url": "https://egame.qq.com/620503663", "anchor_name": "\u788e\u6b65\u65e0\u75d5", "fan_num": 1266, "crawl_time": "2019-07-04 16:06:58"}
{"channel": "\u68a6\u5de5\u5382", "watch_num": 40000.0, "anchor_roomname": "\u4f60\u786e\u5b9a\u4e0d\u8fdb\u6765\uff1f", "anchor_url": "https://egame.qq.com/377627521", "anchor_name": "\u4f9d\u6960\u5c0f\u59d0\u59d0", "fan_num": 7645, "crawl_time": "2019-07-04 16:06:58"}
{"channel": "\u68a6\u5de5\u5382", "watch_num": 78000.0, "anchor_roomname": "\u653e\u4e2a\u957f\u5047\u3002", "anchor_url": "https://egame.qq.com/366224713", "anchor_name": "KZ-\u5fc3\u4eea", "fan_num": 1251, "crawl_time": "2019-07-04 16:06:58"}
{"channel": "\u68a6\u5de5\u5382", "watch_num": 78000.0, "anchor_roomname": "\u6551\u6551\u5b69\u5b50\u5427", "anchor_url": "https://egame.qq.com/220957938", "anchor_name": "\u662f\u4f60\u7684\u6668\u66e6\u4e2b", "fan_num": 236, "crawl_time": "2019-07-04 16:06:58"}
{"channel": "\u68a6\u5de5\u5382", "watch_num": 78000.0, "anchor_roomname": "\u5927\u578b\u7efc\u827a\u6574\u86ca\u8868\u6f14\u73b0\u573a", "anchor_url": "https://egame.qq.com/558187333", "anchor_name": "\u6843\u82af\u7ec4\u5408", "fan_num": 6670, "crawl_time": "2019-07-04 16:06:58"}
{"channel": "\u68a6\u5de5\u5382", "watch_num": 83000.0, "anchor_roomname": "\u603b\u6709\u4eba\u7ffb\u5c71\u8d8a\u5cad\u6765\u627e\u4f60", "anchor_url": "https://egame.qq.com/594168452", "anchor_name": "\u73a9\u5177\u67da", "fan_num": 1109, "crawl_time": "2019-07-04 16:06:58"}
{"channel": "\u68a6\u5de5\u5382", "watch_num": 57000.0, "anchor_roomname": "\u522b\u770b\u4e86\u5c31\u6211\u5427", "anchor_url": "https://egame.qq.com/205213340", "anchor_name": "\u4e09\u5343\u4f1a\u66f4\u52aa\u529b\u7684", "fan_num": 390, "crawl_time": "2019-07-04 16:06:58"}
{"channel": "\u68a6\u5de5\u5382", "watch_num": 84000.0, "anchor_roomname": "\u65b0\u8df3\u821e\u4e3b\u64ad\u559c\u6b22\u70b9\u70b9\u5173\u6ce8\u54df", "anchor_url": "https://egame.qq.com/698997114", "anchor_name": "\u561f\u7c73-", "fan_num": 795, "crawl_time": "2019-07-04 16:06:58"}
{"channel": "\u68a6\u5de5\u5382", "watch_num": 92000.0, "anchor_roomname": "\u6551\u6551\u5b69\u5b50\u5427", "anchor_url": "https://egame.qq.com/126966163", "anchor_name": "Qn\u5b59\u827a\u73cd", "fan_num": 305, "crawl_time": "2019-07-04 16:06:59"}
{"channel": "\u68a6\u5de5\u5382", "watch_num": 82000.0, "anchor_roomname": "\u4e00\u4e2a\u9a9a\u6c14\u7eff\u8272\u7684\u76f4\u64ad\u95f4", "anchor_url": "https://egame.qq.com/697782645", "anchor_name": "\u661f\u542f-MK", "fan_num": 311, "crawl_time": "2019-07-04 16:06:59"}
{"channel": "\u68a6\u5de5\u5382", "watch_num": 101000.0, "anchor_roomname": "\u65b0\u624b\u821e\u8e48\u4e3b\u64ad\u70b9\u70b9\u5173\u6ce8", "anchor_url": "https://egame.qq.com/690381252", "anchor_name": "\u9668\u77f3YS-\u9648\u6f02\u4eae", "fan_num": 684, "crawl_time": "2019-07-04 16:06:59"}
{"channel": "\u68a6\u5de5\u5382", "watch_num": 98000.0, "anchor_roomname": "\u4f01\u9e45\u7b2c\u4e00\u4e50\u961f", "anchor_url": "https://egame.qq.com/541476207", "anchor_name": "\u5931\u7720\u75c7\u7ec4\u5408", "fan_num": 7147, "crawl_time": "2019-07-04 16:06:59"}
{"channel": "\u548c\u5e73\u7cbe\u82f1", "watch_num": 48000.0, "anchor_roomname": "\u51b2\u5206\u54af\u51b2\u5206\u5566", "anchor_url": "https://egame.qq.com/423429279", "anchor_name": "\u5c0f\u73a5\u59ae", "fan_num": 20626, "crawl_time": "2019-07-04 16:06:59"}
{"channel": "\u68a6\u5de5\u5382", "watch_num": 97000.0, "anchor_roomname": "\u4f60\u7b11\u8d77\u6765\u771f\u597d\u770b", "anchor_url": "https://egame.qq.com/612604223", "anchor_name": "\u679c\u7259\u6751\u4e36\u6e29\u67d4\u5440", "fan_num": 2177, "crawl_time": "2019-07-04 16:06:59"}
{"channel": "\u68a6\u5de5\u5382", "watch_num": 110000.0, "anchor_roomname": "\u611f\u8c22\u6211\u7231\u7684\u4eba\u513f\u4eec\u9001\u9c7c\u4e0aA\u73ed~", "anchor_url": "https://egame.qq.com/466697075", "anchor_name": "\u9c7c\u6655\u6655", "fan_num": 5636, "crawl_time": "2019-07-04 16:06:59"}
{"channel": "\u68a6\u5de5\u5382", "watch_num": 107000.0, "anchor_roomname": "\u957f\u6c99\u5531\u6b4c\u5c0f\u59d0\u59d0", "anchor_url": "https://egame.qq.com/339552262", "anchor_name": "\u7231\u7b11\u7684\u738b\u767d\u767d", "fan_num": 503, "crawl_time": "2019-07-04 16:06:59"}
{"channel": "\u68a6\u5de5\u5382", "watch_num": 89000.0, "anchor_roomname": "\u62db\u8058\u5168\u4e16\u754c\u6700\u5e05\u5b88\u62a4", "anchor_url": "https://egame.qq.com/619199990", "anchor_name": "\u674f\u68a8r", "fan_num": 1018, "crawl_time": "2019-07-04 16:06:59"}
{"channel": "\u68a6\u5de5\u5382", "watch_num": 145000.0, "anchor_roomname": "\u6d6a\u4e00\u6ce2~\u91d1\u5361\u5e08\u53e3\u7ea2", "anchor_url": "https://egame.qq.com/578591216", "anchor_name": "\u6d6a\u4e00\u6ce2\u53e3\u7ea2", "fan_num": 3821, "crawl_time": "2019-07-04 16:06:59"}
{"channel": "\u68a6\u5de5\u5382", "watch_num": 52000.0, "anchor_roomname": "\u5168\u4f01\u9e45\u6700\u80fd\u5e72\u7684\u5973\u4e3b\u64ad\u54c8\u54c8\u54c8~", "anchor_url": "https://egame.qq.com/508584847", "anchor_name": "\u695a\u7b19\u7b19-\u5c0a\u5e08\u4e09\u6761", "fan_num": 7398, "crawl_time": "2019-07-04 16:07:00"}
{"channel": "\u68a6\u5de5\u5382", "watch_num": 99000.0, "anchor_roomname": "\u4e39\u4e1c\u674e\u5609\u6b23", "anchor_url": "https://egame.qq.com/176116729", "anchor_name": "\u5f80\u540e\u4f59\u751f\u706c\u5e42\u5e42", "fan_num": 4687, "crawl_time": "2019-07-04 16:07:00"}
{"channel": "\u68a6\u5de5\u5382", "watch_num": 823.0, "anchor_roomname": "\u4fdd\u6301\u5f00\u5fc3\u7684\u65b9\u5f0f\uff1f", "anchor_url": "https://egame.qq.com/65224143", "anchor_name": "\u6843\u5431\u5431", "fan_num": 75, "crawl_time": "2019-07-04 16:07:00"}
{"channel": "\u68a6\u5de5\u5382", "watch_num": 112000.0, "anchor_roomname": "\u76f4\u64ad\u505a\u997c\u5e72\u5566", "anchor_url": "https://egame.qq.com/342223115", "anchor_name": "\u7433\u7433A-Lin", "fan_num": 184123, "crawl_time": "2019-07-04 16:07:00"}
{"channel": "\u68a6\u5de5\u5382", "watch_num": 178000.0, "anchor_roomname": "18\u5c81\u7ca4\u8bed\u4e3b\u64ad~", "anchor_url": "https://egame.qq.com/512761710", "anchor_name": "Miu-\u5c0f\u561f\u513f", "fan_num": 17796, "crawl_time": "2019-07-04 16:07:00"}
{"channel": "\u68a6\u5de5\u5382", "watch_num": 499000.0, "anchor_roomname": "\u7b2c8\u5929  \u65e0\u9650\u62bd\u5956 \u5706\u68a6\u7684\u8d77\u70b9", "anchor_url": "https://egame.qq.com/285004604", "anchor_name": "\u5c0f\u8c6a", "fan_num": 1348, "crawl_time": "2019-07-04 16:07:00"}
{"channel": "\u68a6\u5de5\u5382", "watch_num": 272000.0, "anchor_roomname": "\u6563\u64ad\u6b22\u7b11\u6563\u64ad\u7231", "anchor_url": "https://egame.qq.com/188508229", "anchor_name": "Dream.\u7476\u54e5Tyy", "fan_num": 65805, "crawl_time": "2019-07-04 16:07:00"}
{"channel": "\u68a6\u5de5\u5382", "watch_num": 12000.0, "anchor_roomname": "\u5728\u7ebf\u6c42\u91ce\u7239", "anchor_url": "https://egame.qq.com/343588322", "anchor_name": "\u56fd\u670d\u7b2c\u4e00\u5c0f\u732b\u54aa", "fan_num": 2743, "crawl_time": "2019-07-04 16:07:01"}
{"channel": "\u68a6\u5de5\u5382", "watch_num": 361000.0, "anchor_roomname": "\u5c31\u8fd9\u4e2a\u76d8\uff0c\u4f60\u8fd8\u4e0d\u6765\u627e\u6211\uff1f\u6211\u5171\u644a\u98ce\u9669\uff01", "anchor_url": "https://egame.qq.com/110489165", "anchor_name": "Dream.\u9a9a\u51e1\u5c0a\u5e08\u4e09\u6761", "fan_num": 11101, "crawl_time": "2019-07-04 16:07:01"}
{"channel": "\u68a6\u5de5\u5382", "watch_num": 537000.0, "anchor_roomname": "\u5927\u603c \u7ad9\u5728\u524d\u65b9\u4e3a\u4f60\u5bfc\u822a", "anchor_url": "https://egame.qq.com/545319777", "anchor_name": "\u6d6a\u4e00\u6ce2-\u603c\u603c\u5c0f\u54e5", "fan_num": 14546, "crawl_time": "2019-07-04 16:07:01"}
{"channel": "\u68a6\u5de5\u5382", "watch_num": 27000.0, "anchor_roomname": "\u62c9\u62c9\u8bfa\u6f9c\u5728\u7ebf\u6c42\u5b88\u62a4", "anchor_url": "https://egame.qq.com/48669976", "anchor_name": "\u5927\u5a07-y", "fan_num": 914, "crawl_time": "2019-07-04 16:07:01"}
{"channel": "\u68a6\u5de5\u5382", "watch_num": 439000.0, "anchor_roomname": "\u52ff\u5fd8\u521d\u5fc3\uff0c\u65b9\u5f97\u59cb\u7ec8", "anchor_url": "https://egame.qq.com/382886558", "anchor_name": "Dream.\u4e09\u6761", "fan_num": 23070, "crawl_time": "2019-07-04 16:07:02"}
{"channel": "\u68a6\u5de5\u5382", "watch_num": 13000.0, "anchor_roomname": "\u5728\u7ebf\u9886\u53d6\u5fc3\u52a8\u4e3b\u64ad", "anchor_url": "https://egame.qq.com/131077524", "anchor_name": "Honey\u6167\u6167-", "fan_num": 272, "crawl_time": "2019-07-04 16:07:08"}
{"channel": "\u68a6\u5de5\u5382", "watch_num": 5182.0, "anchor_roomname": "\u6765\u4e0d\u53ca\u89e3\u91ca\u4e86\uff0c\u5feb\u4e0a\u8f66\uff01\uff01", "anchor_url": "https://egame.qq.com/16505549", "anchor_name": "\u4e09\u91cd\u95e8\u4e36\u4e09\u6708", "fan_num": 117, "crawl_time": "2019-07-04 16:07:28"}
